,if,foreach,equal,=,>,<,&,|,!,-,+,/,*,resolve,FUNCTION_NAME,(,),",",NUMERIC,BOOL,$,S,EXPRESSION,SINGLE_CALL,DOUBLE_CALL,TRIPLET_CALL,RESOLVE_CALL,CALL,EXPRESSIONS,LIST_OF_EXPRESSIONS,ARG
0,s3,s4,s5,s6,s7,s8,s9,s10,s11,s12,s13,s14,s15,s16,s17,,,,s18,s19,,,1.0,,,,,,,,2.0
1,,,,,,,,,,,,,,,,,,,,,acc,,,,,,,,,,
2,,,,,,,,,,,,,,,,,,,,,r1,,,,,,,,,,
3,,,,,,,,,,,,,,,,s21,,,,,r22,,,,,20.0,,,,,
4,,,,,,,,,,,,,,,,s23,,,,,r20,,,,22.0,,,,,,
5,,,,,,,,,,,,,,,,s23,,,,,r20,,,,24.0,,,,,,
6,,,,,,,,,,,,,,,,s23,,,,,r20,,,,25.0,,,,,,
7,,,,,,,,,,,,,,,,s23,,,,,r20,,,,26.0,,,,,,
8,,,,,,,,,,,,,,,,s23,,,,,r20,,,,27.0,,,,,,
9,,,,,,,,,,,,,,,,s23,,,,,r20,,,,28.0,,,,,,
10,,,,,,,,,,,,,,,,s23,,,,,r20,,,,29.0,,,,,,
11,,,,,,,,,,,,,,,,s31,,,,,r18,,,30.0,,,,,,,
12,,,,,,,,,,,,,,,,s23,,,,,r20,,,,32.0,,,,,,
13,,,,,,,,,,,,,,,,s23,,,,,r20,,,,33.0,,,,,,
14,,,,,,,,,,,,,,,,s23,,,,,r20,,,,34.0,,,,,,
15,,,,,,,,,,,,,,,,s23,,,,,r20,,,,35.0,,,,,,
16,,,,,,,,,,,,,,,,s37,,,,,r24,,,,,,36.0,,,,
17,,,,,,,,,,,,,,,,s39,,,,,r26,,,,,,,38.0,,,
18,,,,,,,,,,,,,,,,,,,,,r31,,,,,,,,,,
19,,,,,,,,,,,,,,,,,,,,,r32,,,,,,,,,,
20,,,,,,,,,,,,,,,,,,,,,r2,,,,,,,,,,
21,s42,s43,s44,s45,s46,s47,s48,s49,s50,s51,s52,s53,s54,s55,s56,,,,s57,s58,,,40.0,,,,,,,,41.0
22,,,,,,,,,,,,,,,,,,,,,r3,,,,,,,,,,
23,s42,s43,s44,s45,s46,s47,s48,s49,s50,s51,s52,s53,s54,s55,s56,,,,s57,s58,,,59.0,,,,,,,,41.0
24,,,,,,,,,,,,,,,,,,,,,r4,,,,,,,,,,
25,,,,,,,,,,,,,,,,,,,,,r5,,,,,,,,,,
26,,,,,,,,,,,,,,,,,,,,,r6,,,,,,,,,,
27,,,,,,,,,,,,,,,,,,,,,r7,,,,,,,,,,
28,,,,,,,,,,,,,,,,,,,,,r8,,,,,,,,,,
29,,,,,,,,,,,,,,,,,,,,,r9,,,,,,,,,,
30,,,,,,,,,,,,,,,,,,,,,r10,,,,,,,,,,
31,s62,s63,s64,s65,s66,s67,s68,s69,s70,s71,s72,s73,s74,s75,s76,,,,s77,s78,,,60.0,,,,,,,,61.0
32,,,,,,,,,,,,,,,,,,,,,r11,,,,,,,,,,
33,,,,,,,,,,,,,,,,,,,,,r12,,,,,,,,,,
34,,,,,,,,,,,,,,,,,,,,,r13,,,,,,,,,,
35,,,,,,,,,,,,,,,,,,,,,r14,,,,,,,,,,
36,,,,,,,,,,,,,,,,,,,,,r15,,,,,,,,,,
37,,,,,,,,,,,,,,,s79,,,,,,,,,,,,,,,,
38,,,,,,,,,,,,,,,,,,,,,r16,,,,,,,,,,
39,s84,s85,s86,s87,s88,s89,s90,s91,s92,s93,s94,s95,s96,s97,s98,,s81,,s99,s100,,,82.0,,,,,,80.0,,83.0
40,,,,,,,,,,,,,,,,,,s101,,,,,,,,,,,,,
41,,,,,,,,,,,,,,,,,,r1,,,,,,,,,,,,,
42,,,,,,,,,,,,,,,,s103,,r22,,,,,,,,102.0,,,,,
43,,,,,,,,,,,,,,,,s105,,r20,,,,,,,104.0,,,,,,
44,,,,,,,,,,,,,,,,s105,,r20,,,,,,,106.0,,,,,,
45,,,,,,,,,,,,,,,,s105,,r20,,,,,,,107.0,,,,,,
46,,,,,,,,,,,,,,,,s105,,r20,,,,,,,108.0,,,,,,
47,,,,,,,,,,,,,,,,s105,,r20,,,,,,,109.0,,,,,,
48,,,,,,,,,,,,,,,,s105,,r20,,,,,,,110.0,,,,,,
49,,,,,,,,,,,,,,,,s105,,r20,,,,,,,111.0,,,,,,
50,,,,,,,,,,,,,,,,s113,,r18,,,,,,112.0,,,,,,,
51,,,,,,,,,,,,,,,,s105,,r20,,,,,,,114.0,,,,,,
52,,,,,,,,,,,,,,,,s105,,r20,,,,,,,115.0,,,,,,
53,,,,,,,,,,,,,,,,s105,,r20,,,,,,,116.0,,,,,,
54,,,,,,,,,,,,,,,,s105,,r20,,,,,,,117.0,,,,,,
55,,,,,,,,,,,,,,,,s119,,r24,,,,,,,,,118.0,,,,
56,,,,,,,,,,,,,,,,s121,,r26,,,,,,,,,,120.0,,,
57,,,,,,,,,,,,,,,,,,r31,,,,,,,,,,,,,
58,,,,,,,,,,,,,,,,,,r32,,,,,,,,,,,,,
59,,,,,,,,,,,,,,,,,,s122,,,,,,,,,,,,,
60,,,,,,,,,,,,,,,,,s123,,,,,,,,,,,,,,
61,,,,,,,,,,,,,,,,,r1,,,,,,,,,,,,,,
62,,,,,,,,,,,,,,,,s125,r22,,,,,,,,,124.0,,,,,
63,,,,,,,,,,,,,,,,s127,r20,,,,,,,,126.0,,,,,,
64,,,,,,,,,,,,,,,,s127,r20,,,,,,,,128.0,,,,,,
65,,,,,,,,,,,,,,,,s127,r20,,,,,,,,129.0,,,,,,
66,,,,,,,,,,,,,,,,s127,r20,,,,,,,,130.0,,,,,,
67,,,,,,,,,,,,,,,,s127,r20,,,,,,,,131.0,,,,,,
68,,,,,,,,,,,,,,,,s127,r20,,,,,,,,132.0,,,,,,
69,,,,,,,,,,,,,,,,s127,r20,,,,,,,,133.0,,,,,,
70,,,,,,,,,,,,,,,,s135,r18,,,,,,,134.0,,,,,,,
71,,,,,,,,,,,,,,,,s127,r20,,,,,,,,136.0,,,,,,
72,,,,,,,,,,,,,,,,s127,r20,,,,,,,,137.0,,,,,,
73,,,,,,,,,,,,,,,,s127,r20,,,,,,,,138.0,,,,,,
74,,,,,,,,,,,,,,,,s127,r20,,,,,,,,139.0,,,,,,
75,,,,,,,,,,,,,,,,s141,r24,,,,,,,,,,140.0,,,,
76,,,,,,,,,,,,,,,,s143,r26,,,,,,,,,,,142.0,,,
77,,,,,,,,,,,,,,,,,r31,,,,,,,,,,,,,,
78,,,,,,,,,,,,,,,,,r32,,,,,,,,,,,,,,
79,,,,,,,,,,,,,,,,,,s144,,,,,,,,,,,,,
80,,,,,,,,,,,,,,,,,,,,,r25,,,,,,,,,,
81,,,,,,,,,,,,,,,,,,,,,r27,,,,,,,,,,
82,,,,,,,,,,,,,,,,,s146,s147,,,,,,,,,,,,145.0,
83,,,,,,,,,,,,,,,,,r1,r1,,,,,,,,,,,,,
84,,,,,,,,,,,,,,,,s149,r22,r22,,,,,,,,148.0,,,,,
85,,,,,,,,,,,,,,,,s151,r20,r20,,,,,,,150.0,,,,,,
86,,,,,,,,,,,,,,,,s151,r20,r20,,,,,,,152.0,,,,,,
87,,,,,,,,,,,,,,,,s151,r20,r20,,,,,,,153.0,,,,,,
88,,,,,,,,,,,,,,,,s151,r20,r20,,,,,,,154.0,,,,,,
89,,,,,,,,,,,,,,,,s151,r20,r20,,,,,,,155.0,,,,,,
90,,,,,,,,,,,,,,,,s151,r20,r20,,,,,,,156.0,,,,,,
91,,,,,,,,,,,,,,,,s151,r20,r20,,,,,,,157.0,,,,,,
92,,,,,,,,,,,,,,,,s159,r18,r18,,,,,,158.0,,,,,,,
93,,,,,,,,,,,,,,,,s151,r20,r20,,,,,,,160.0,,,,,,
94,,,,,,,,,,,,,,,,s151,r20,r20,,,,,,,161.0,,,,,,
95,,,,,,,,,,,,,,,,s151,r20,r20,,,,,,,162.0,,,,,,
96,,,,,,,,,,,,,,,,s151,r20,r20,,,,,,,163.0,,,,,,
97,,,,,,,,,,,,,,,,s165,r24,r24,,,,,,,,,164.0,,,,
98,,,,,,,,,,,,,,,,s167,r26,r26,,,,,,,,,,166.0,,,
99,,,,,,,,,,,,,,,,,r31,r31,,,,,,,,,,,,,
100,,,,,,,,,,,,,,,,,r32,r32,,,,,,,,,,,,,
101,s42,s43,s44,s45,s46,s47,s48,s49,s50,s51,s52,s53,s54,s55,s56,,,,s57,s58,,,168.0,,,,,,,,41.0
102,,,,,,,,,,,,,,,,,,r2,,,,,,,,,,,,,
103,s42,s43,s44,s45,s46,s47,s48,s49,s50,s51,s52,s53,s54,s55,s56,,,,s57,s58,,,169.0,,,,,,,,41.0
104,,,,,,,,,,,,,,,,,,r3,,,,,,,,,,,,,
105,s42,s43,s44,s45,s46,s47,s48,s49,s50,s51,s52,s53,s54,s55,s56,,,,s57,s58,,,170.0,,,,,,,,41.0
106,,,,,,,,,,,,,,,,,,r4,,,,,,,,,,,,,
107,,,,,,,,,,,,,,,,,,r5,,,,,,,,,,,,,
108,,,,,,,,,,,,,,,,,,r6,,,,,,,,,,,,,
109,,,,,,,,,,,,,,,,,,r7,,,,,,,,,,,,,
110,,,,,,,,,,,,,,,,,,r8,,,,,,,,,,,,,
111,,,,,,,,,,,,,,,,,,r9,,,,,,,,,,,,,
112,,,,,,,,,,,,,,,,,,r10,,,,,,,,,,,,,
113,s62,s63,s64,s65,s66,s67,s68,s69,s70,s71,s72,s73,s74,s75,s76,,,,s77,s78,,,171.0,,,,,,,,61.0
114,,,,,,,,,,,,,,,,,,r11,,,,,,,,,,,,,
115,,,,,,,,,,,,,,,,,,r12,,,,,,,,,,,,,
116,,,,,,,,,,,,,,,,,,r13,,,,,,,,,,,,,
117,,,,,,,,,,,,,,,,,,r14,,,,,,,,,,,,,
118,,,,,,,,,,,,,,,,,,r15,,,,,,,,,,,,,
119,,,,,,,,,,,,,,,s172,,,,,,,,,,,,,,,,
120,,,,,,,,,,,,,,,,,,r16,,,,,,,,,,,,,
121,s84,s85,s86,s87,s88,s89,s90,s91,s92,s93,s94,s95,s96,s97,s98,,s174,,s99,s100,,,175.0,,,,,,173.0,,83.0
122,s62,s63,s64,s65,s66,s67,s68,s69,s70,s71,s72,s73,s74,s75,s76,,,,s77,s78,,,176.0,,,,,,,,61.0
123,,,,,,,,,,,,,,,,,,,,,r17,,,,,,,,,,
124,,,,,,,,,,,,,,,,,r2,,,,,,,,,,,,,,
125,s42,s43,s44,s45,s46,s47,s48,s49,s50,s51,s52,s53,s54,s55,s56,,,,s57,s58,,,177.0,,,,,,,,41.0
126,,,,,,,,,,,,,,,,,r3,,,,,,,,,,,,,,
127,s42,s43,s44,s45,s46,s47,s48,s49,s50,s51,s52,s53,s54,s55,s56,,,,s57,s58,,,178.0,,,,,,,,41.0
128,,,,,,,,,,,,,,,,,r4,,,,,,,,,,,,,,
129,,,,,,,,,,,,,,,,,r5,,,,,,,,,,,,,,
130,,,,,,,,,,,,,,,,,r6,,,,,,,,,,,,,,
131,,,,,,,,,,,,,,,,,r7,,,,,,,,,,,,,,
132,,,,,,,,,,,,,,,,,r8,,,,,,,,,,,,,,
133,,,,,,,,,,,,,,,,,r9,,,,,,,,,,,,,,
134,,,,,,,,,,,,,,,,,r10,,,,,,,,,,,,,,
135,s62,s63,s64,s65,s66,s67,s68,s69,s70,s71,s72,s73,s74,s75,s76,,,,s77,s78,,,179.0,,,,,,,,61.0
136,,,,,,,,,,,,,,,,,r11,,,,,,,,,,,,,,
137,,,,,,,,,,,,,,,,,r12,,,,,,,,,,,,,,
138,,,,,,,,,,,,,,,,,r13,,,,,,,,,,,,,,
139,,,,,,,,,,,,,,,,,r14,,,,,,,,,,,,,,
140,,,,,,,,,,,,,,,,,r15,,,,,,,,,,,,,,
141,,,,,,,,,,,,,,,s180,,,,,,,,,,,,,,,,
142,,,,,,,,,,,,,,,,,r16,,,,,,,,,,,,,,
143,s84,s85,s86,s87,s88,s89,s90,s91,s92,s93,s94,s95,s96,s97,s98,,s182,,s99,s100,,,183.0,,,,,,181.0,,83.0
144,s62,s63,s64,s65,s66,s67,s68,s69,s70,s71,s72,s73,s74,s75,s76,,,,s77,s78,,,184.0,,,,,,,,61.0
145,,,,,,,,,,,,,,,,,,,,,r28,,,,,,,,,,
146,,,,,,,,,,,,,,,,,,,,,r29,,,,,,,,,,
147,s84,s85,s86,s87,s88,s89,s90,s91,s92,s93,s94,s95,s96,s97,s98,,,,s99,s100,,,185.0,,,,,,,,83.0
148,,,,,,,,,,,,,,,,,r2,r2,,,,,,,,,,,,,
149,s42,s43,s44,s45,s46,s47,s48,s49,s50,s51,s52,s53,s54,s55,s56,,,,s57,s58,,,186.0,,,,,,,,41.0
150,,,,,,,,,,,,,,,,,r3,r3,,,,,,,,,,,,,
151,s42,s43,s44,s45,s46,s47,s48,s49,s50,s51,s52,s53,s54,s55,s56,,,,s57,s58,,,187.0,,,,,,,,41.0
152,,,,,,,,,,,,,,,,,r4,r4,,,,,,,,,,,,,
153,,,,,,,,,,,,,,,,,r5,r5,,,,,,,,,,,,,
154,,,,,,,,,,,,,,,,,r6,r6,,,,,,,,,,,,,
155,,,,,,,,,,,,,,,,,r7,r7,,,,,,,,,,,,,
156,,,,,,,,,,,,,,,,,r8,r8,,,,,,,,,,,,,
157,,,,,,,,,,,,,,,,,r9,r9,,,,,,,,,,,,,
158,,,,,,,,,,,,,,,,,r10,r10,,,,,,,,,,,,,
159,s62,s63,s64,s65,s66,s67,s68,s69,s70,s71,s72,s73,s74,s75,s76,,,,s77,s78,,,188.0,,,,,,,,61.0
160,,,,,,,,,,,,,,,,,r11,r11,,,,,,,,,,,,,
161,,,,,,,,,,,,,,,,,r12,r12,,,,,,,,,,,,,
162,,,,,,,,,,,,,,,,,r13,r13,,,,,,,,,,,,,
163,,,,,,,,,,,,,,,,,r14,r14,,,,,,,,,,,,,
164,,,,,,,,,,,,,,,,,r15,r15,,,,,,,,,,,,,
165,,,,,,,,,,,,,,,s189,,,,,,,,,,,,,,,,
166,,,,,,,,,,,,,,,,,r16,r16,,,,,,,,,,,,,
167,s84,s85,s86,s87,s88,s89,s90,s91,s92,s93,s94,s95,s96,s97,s98,,s191,,s99,s100,,,192.0,,,,,,190.0,,83.0
168,,,,,,,,,,,,,,,,,,s193,,,,,,,,,,,,,
169,,,,,,,,,,,,,,,,,,s194,,,,,,,,,,,,,
170,,,,,,,,,,,,,,,,,,s195,,,,,,,,,,,,,
171,,,,,,,,,,,,,,,,,s196,,,,,,,,,,,,,,
172,,,,,,,,,,,,,,,,,,s197,,,,,,,,,,,,,
173,,,,,,,,,,,,,,,,,,r25,,,,,,,,,,,,,
174,,,,,,,,,,,,,,,,,,r27,,,,,,,,,,,,,
175,,,,,,,,,,,,,,,,,s199,s200,,,,,,,,,,,,198.0,
176,,,,,,,,,,,,,,,,,s201,,,,,,,,,,,,,,
177,,,,,,,,,,,,,,,,,,s202,,,,,,,,,,,,,
178,,,,,,,,,,,,,,,,,,s203,,,,,,,,,,,,,
179,,,,,,,,,,,,,,,,,s204,,,,,,,,,,,,,,
180,,,,,,,,,,,,,,,,,,s205,,,,,,,,,,,,,
181,,,,,,,,,,,,,,,,,r25,,,,,,,,,,,,,,
182,,,,,,,,,,,,,,,,,r27,,,,,,,,,,,,,,
183,,,,,,,,,,,,,,,,,s207,s208,,,,,,,,,,,,206.0,
184,,,,,,,,,,,,,,,,,s209,,,,,,,,,,,,,,
185,,,,,,,,,,,,,,,,,s146,s147,,,,,,,,,,,,210.0,
186,,,,,,,,,,,,,,,,,,s211,,,,,,,,,,,,,
187,,,,,,,,,,,,,,,,,,s212,,,,,,,,,,,,,
188,,,,,,,,,,,,,,,,,s213,,,,,,,,,,,,,,
189,,,,,,,,,,,,,,,,,,s214,,,,,,,,,,,,,
190,,,,,,,,,,,,,,,,,r25,r25,,,,,,,,,,,,,
191,,,,,,,,,,,,,,,,,r27,r27,,,,,,,,,,,,,
192,,,,,,,,,,,,,,,,,s216,s217,,,,,,,,,,,,215.0,
193,s62,s63,s64,s65,s66,s67,s68,s69,s70,s71,s72,s73,s74,s75,s76,,,,s77,s78,,,218.0,,,,,,,,61.0
194,s42,s43,s44,s45,s46,s47,s48,s49,s50,s51,s52,s53,s54,s55,s56,,,,s57,s58,,,219.0,,,,,,,,41.0
195,s62,s63,s64,s65,s66,s67,s68,s69,s70,s71,s72,s73,s74,s75,s76,,,,s77,s78,,,220.0,,,,,,,,61.0
196,,,,,,,,,,,,,,,,,,r17,,,,,,,,,,,,,
197,s62,s63,s64,s65,s66,s67,s68,s69,s70,s71,s72,s73,s74,s75,s76,,,,s77,s78,,,221.0,,,,,,,,61.0
198,,,,,,,,,,,,,,,,,,r28,,,,,,,,,,,,,
199,,,,,,,,,,,,,,,,,,r29,,,,,,,,,,,,,
200,s84,s85,s86,s87,s88,s89,s90,s91,s92,s93,s94,s95,s96,s97,s98,,,,s99,s100,,,222.0,,,,,,,,83.0
201,,,,,,,,,,,,,,,,,,,,,r19,,,,,,,,,,
202,s42,s43,s44,s45,s46,s47,s48,s49,s50,s51,s52,s53,s54,s55,s56,,,,s57,s58,,,223.0,,,,,,,,41.0
203,s62,s63,s64,s65,s66,s67,s68,s69,s70,s71,s72,s73,s74,s75,s76,,,,s77,s78,,,224.0,,,,,,,,61.0
204,,,,,,,,,,,,,,,,,r17,,,,,,,,,,,,,,
205,s62,s63,s64,s65,s66,s67,s68,s69,s70,s71,s72,s73,s74,s75,s76,,,,s77,s78,,,225.0,,,,,,,,61.0
206,,,,,,,,,,,,,,,,,r28,,,,,,,,,,,,,,
207,,,,,,,,,,,,,,,,,r29,,,,,,,,,,,,,,
208,s84,s85,s86,s87,s88,s89,s90,s91,s92,s93,s94,s95,s96,s97,s98,,,,s99,s100,,,226.0,,,,,,,,83.0
209,,,,,,,,,,,,,,,,,,,,,r23,,,,,,,,,,
210,,,,,,,,,,,,,,,,,,,,,r30,,,,,,,,,,
211,s42,s43,s44,s45,s46,s47,s48,s49,s50,s51,s52,s53,s54,s55,s56,,,,s57,s58,,,227.0,,,,,,,,41.0
212,s62,s63,s64,s65,s66,s67,s68,s69,s70,s71,s72,s73,s74,s75,s76,,,,s77,s78,,,228.0,,,,,,,,61.0
213,,,,,,,,,,,,,,,,,r17,r17,,,,,,,,,,,,,
214,s62,s63,s64,s65,s66,s67,s68,s69,s70,s71,s72,s73,s74,s75,s76,,,,s77,s78,,,229.0,,,,,,,,61.0
215,,,,,,,,,,,,,,,,,r28,r28,,,,,,,,,,,,,
216,,,,,,,,,,,,,,,,,r29,r29,,,,,,,,,,,,,
217,s84,s85,s86,s87,s88,s89,s90,s91,s92,s93,s94,s95,s96,s97,s98,,,,s99,s100,,,230.0,,,,,,,,83.0
218,,,,,,,,,,,,,,,,,s231,,,,,,,,,,,,,,
219,,,,,,,,,,,,,,,,,,s232,,,,,,,,,,,,,
220,,,,,,,,,,,,,,,,,s233,,,,,,,,,,,,,,
221,,,,,,,,,,,,,,,,,s234,,,,,,,,,,,,,,
222,,,,,,,,,,,,,,,,,s199,s200,,,,,,,,,,,,235.0,
223,,,,,,,,,,,,,,,,,,s236,,,,,,,,,,,,,
224,,,,,,,,,,,,,,,,,s237,,,,,,,,,,,,,,
225,,,,,,,,,,,,,,,,,s238,,,,,,,,,,,,,,
226,,,,,,,,,,,,,,,,,s207,s208,,,,,,,,,,,,239.0,
227,,,,,,,,,,,,,,,,,,s240,,,,,,,,,,,,,
228,,,,,,,,,,,,,,,,,s241,,,,,,,,,,,,,,
229,,,,,,,,,,,,,,,,,s242,,,,,,,,,,,,,,
230,,,,,,,,,,,,,,,,,s216,s217,,,,,,,,,,,,243.0,
231,,,,,,,,,,,,,,,,,,,,,r21,,,,,,,,,,
232,s62,s63,s64,s65,s66,s67,s68,s69,s70,s71,s72,s73,s74,s75,s76,,,,s77,s78,,,244.0,,,,,,,,61.0
233,,,,,,,,,,,,,,,,,,r19,,,,,,,,,,,,,
234,,,,,,,,,,,,,,,,,,r23,,,,,,,,,,,,,
235,,,,,,,,,,,,,,,,,,r30,,,,,,,,,,,,,
236,s62,s63,s64,s65,s66,s67,s68,s69,s70,s71,s72,s73,s74,s75,s76,,,,s77,s78,,,245.0,,,,,,,,61.0
237,,,,,,,,,,,,,,,,,r19,,,,,,,,,,,,,,
238,,,,,,,,,,,,,,,,,r23,,,,,,,,,,,,,,
239,,,,,,,,,,,,,,,,,r30,,,,,,,,,,,,,,
240,s62,s63,s64,s65,s66,s67,s68,s69,s70,s71,s72,s73,s74,s75,s76,,,,s77,s78,,,246.0,,,,,,,,61.0
241,,,,,,,,,,,,,,,,,r19,r19,,,,,,,,,,,,,
242,,,,,,,,,,,,,,,,,r23,r23,,,,,,,,,,,,,
243,,,,,,,,,,,,,,,,,r30,r30,,,,,,,,,,,,,
244,,,,,,,,,,,,,,,,,s247,,,,,,,,,,,,,,
245,,,,,,,,,,,,,,,,,s248,,,,,,,,,,,,,,
246,,,,,,,,,,,,,,,,,s249,,,,,,,,,,,,,,
247,,,,,,,,,,,,,,,,,,r21,,,,,,,,,,,,,
248,,,,,,,,,,,,,,,,,r21,,,,,,,,,,,,,,
249,,,,,,,,,,,,,,,,,r21,r21,,,,,,,,,,,,,
